4,-0.5053546534306977,3.0997726917266846,-0.660343288017032
3,0.8581105790747808,3.1251983642578125,0.7018506608618902
0,-3.3695879693660293,3.2223873138427734,-3.530707335058168
1,-5.3957145830031745,3.342149257659912,-5.56282204588617
2,-0.3807320478313308,3.3624515533447266,-0.5488546254985671
7,-0.09356109865644341,3.4174413681030273,-0.2644331670615948
5,-1.1456954078152888,3.507194995880127,-1.3210551576092953
6,1.356238873641948,3.472151756286621,1.182631285827617
8,-1.4319154374634826,3.450958013534546,-1.60446333814021
9,1.3857593721806292,3.574045181274414,1.2070571131169086
10,-0.45456974717345033,3.354142189025879,-0.6222768566247443
14,2.202253170702537,3.3779377937316895,2.0333562810159522
13,2.010709901003788,3.516798973083496,1.834869952349613
11,0.9740103879769104,3.6432652473449707,0.7918471256096619
15,1.7632097576650578,3.5766398906707764,1.584377763131519
12,0.14459086234053548,3.6535890102386475,-0.0380885881713969
16,1.356238873641948,3.673518657684326,1.1725629407577316
17,1.7550406266352834,3.7008979320526123,1.5699957300326528
18,-3.1717557349127112,3.7499067783355713,-3.3592510738294896
19,1.3857593721806292,3.715567111968994,1.1999810165821794
1,-3.7706357082985376,20.692936420440674,-4.805282529320571
5,2.716524119021599,2.921530246734619,2.570447606684868
4,-4.3766432848206405,2.9972383975982666,-4.526505204700554
1,-3.4495144877042963,3.0926554203033447,-3.6041472587194634
2,4.797913103259069,3.1521966457366943,4.640303270972234
3,-1.721562114030384,3.240915536880493,-1.8836078908744087
7,0.45398051851083077,3.2092230319976807,0.2935193669109467
8,11.54034369902002,3.1946370601654053,11.38061184601175
0,-2.4438176775431426,3.447697877883911,-2.6162025714373383
6,5.994054463682893,3.452482223510742,5.821430352507356
9,6.757275507031639,3.404989242553711,6.587026044903953
11,-2.6449137875535276,3.0814990997314453,-2.7989887425400997
17,-2.0257975535087804,3.163660764694214,-2.183980591743491
19,8.08748745109004,3.042914867401123,7.935341707719983
15,4.952341189389014,3.2011008262634277,4.792286148075843
10,-2.689692912321644,3.4181041717529297,-2.8605981209092906
13,-5.722340220389115,3.3366434574127197,-5.889172393259751
14,-2.3269268836603056,3.2580485343933105,-2.4898293103799713
18,8.656512434927784,3.3244693279266357,8.490288968531452
16,4.311277674631905,3.3742172718048096,4.1425668110416645
12,6.129697560979607,3.3925552368164062,5.960069799138787
13,-5.489360800063364,21.704703330993652,-6.574595966613046
0,1.689581939086737,2.9933924674987793,1.539912315711798
2,-1.1221200038788688,2.9597835540771484,-1.2701091815827261
7,-1.4367006301845417,2.9330027103424072,-1.583350765701662
9,5.019402219809681,2.985487222671509,4.870127858676105
1,7.191168694125093,3.2086567878723145,7.030735854731477
4,-1.2735286806160955,3.122640609741211,-1.429660711103156
5,3.8235596393402553,3.1400203704833984,3.6665586208160854
6,1.2898481727881674,3.1545016765594482,1.132123088960195
3,0.49693639175533405,3.214784622192383,0.3361971606457149
8,5.116612338028224,3.205914258956909,4.956316625080379
10,4.548749309978079,3.1947576999664307,4.389011424979757
14,-2.715187024412441,3.244133234024048,-2.8773936861136438
18,6.0665321982620295,3.162062644958496,5.908429066014104
12,-0.8661912116248802,3.4713635444641113,-1.0397593888480858
11,7.74617872288745,3.470071792602539,7.572675133257323
13,0.49693639175533405,3.3414559364318848,0.3298635949337398
16,11.580011818171299,3.274935007095337,11.416265067816532
17,0.4639446207726223,3.368441581726074,0.29552254168631853
15,4.0592033331080595,3.568295478820801,3.8807885591670193
19,4.539973728493378,3.391782760620117,4.370384590462373
14,-0.6643235020224595,21.06027364730835,-1.717337184387877
0,-2.5440720189450716,2.848236322402954,-2.686483835065219
1,-2.637254538011094,2.8504955768585205,-2.77977931685402
4,0.2521154679640638,2.8061046600341797,0.11181023496235482
3,-4.679810507792881,2.851209878921509,-4.822371001738957
2,0.1100440661855012,2.8785524368286133,-0.03388355565592949
6,1.8535208598622273,2.841038942337036,1.7114689127453755
9,-0.2321228892729892,2.7541744709014893,-0.36983161281806365
7,2.1984328977223413,2.8639023303985596,2.0552377812024134
5,-1.3696764938949935,2.9191019535064697,-1.515631591570317
8,-1.3490813780023525,2.9064502716064453,-1.4944038915826747
12,0.7117609467213143,3.47524094581604,0.5379988994305123
14,-1.2916431580188552,3.454460382461548,-1.4643661771419327
11,-2.6462914508009705,3.574432849884033,-2.8250130932951723
13,-1.6280353702556098,3.5611908435821533,-1.8060949124347174
17,2.3278262957310045,3.5518155097961426,2.1502355202411976
10,-2.8429792745968934,3.717841148376465,-3.028871332015717
18,-1.3490813780023525,3.567744255065918,-1.5274685907556484
19,0.9214072255150079,3.487434148788452,0.7470355180755852
16,3.2221115471612896,3.6458823680877686,3.0398174287569013
15,-1.3818622819477107,3.699936628341675,-1.5668591133647944
3,-4.679810507792881,21.004079818725586,-5.730014498729161
1,-2.2284526488461958,2.8649649620056152,-2.3717008969464763
3,0.1679089557605676,2.831578493118286,0.02633003110465329
2,-1.1572117085329527,2.8754286766052246,-1.3009831423632139
0,0.3423116912241913,2.992072343826294,0.1927080740328766
5,0.050857155041939966,2.8604373931884766,-0.09216471461748388
7,5.327927808916125,2.844866991043091,5.18568445936397
6,0.39503688722680597,2.916964054107666,0.24918868452142265
4,-0.3059734448007046,2.9831912517547607,-0.45513300738844265
8,-2.6564387440375743,2.9451286792755127,-2.80369517800135
9,4.145881525880966,2.8789150714874268,4.001935772306594
13,0.9150061765376967,2.844663619995117,0.7727729955379408
12,-2.6475698527914755,2.94219708442688,-2.7946797070128193
14,-0.15094534117964029,2.9360861778259277,-0.2977496500709367
17,5.592820304872486,2.840087890625,5.450815910341236
15,-0.7718072133979136,2.9258997440338135,-0.9181022005996042
10,-1.787535328450679,3.078324556350708,-1.9414515562682144
16,-0.49949802263990556,2.89947772026062,-0.6444719086529366
11,-3.1486953995757365,3.0735912322998047,-3.302374961190727
19,5.814161946809235,2.9876716136932373,5.664778366124573
18,-3.7098983491480415,3.0459625720977783,-3.8621964777529305
18,-3.80289900940584,20.252765655517578,-4.815537292181719
1,-0.06954300286857916,2.9094104766845703,-0.21501352670280766
2,2.3884266143174133,2.9507744312286377,2.2408878927559814
0,5.533004361483241,3.024599075317383,5.381774407717372
3,-0.2846113090864855,2.9990241527557373,-0.4345625167242724
4,1.776635198440531,3.025376558303833,1.6253663705253394
5,-2.5963310682523315,3.0572872161865234,-2.7491954290616576
9,2.5811871410987672,3.0257818698883057,2.429898047604352
7,-2.2415767387957923,3.0658435821533203,-2.3948689179034583
8,-4.3686659207775085,3.026499032974243,-4.519990872426221
6,-3.5578184449126726,3.151123046875,-3.7153745972564227
10,0.5775385077083043,2.9710209369659424,0.42898746086000716
14,1.7934648899307954,2.940225839614868,1.646453597950052
12,2.9865505613538623,3.0128302574157715,2.8359090484830736
18,-2.103044020285593,2.934907913208008,-2.2497894159459935
13,0.31286763026331954,3.04901123046875,0.16041706873988204
16,-3.0100949218116786,3.0096075534820557,-3.160575299485781
15,-2.6270420941398207,3.046588182449341,-2.7793715032622877
11,0.3205308346716135,3.185638904571533,0.1612488894430368
17,-2.1751622139308564,3.0510776042938232,-2.3277160941455475
19,2.9701998641029754,3.1381642818450928,2.813291650010721
0,-1.028628754533316,3.0833146572113037,-1.1827944873938812
5,-1.919971689632992,2.976860761642456,-2.0688147277151145
6,3.238076537644665,2.9704418182373047,3.0895544467327998
3,2.284396126325154,3.0483248233795166,2.131979885156178
2,0.991566382307898,3.108293056488037,0.8361517294834961
1,-0.2323386568835419,3.1522557735443115,-0.3899514455607575
4,-3.22201056495464,3.1015172004699707,-3.3770864249781387
9,-1.3816676189513553,3.0664963722229004,-1.5349924375625004
8,-0.9575352730403559,3.093348264694214,-1.1122026862750667
7,4.51042596448657,3.1439929008483887,4.3532263194441505
19,-1.3868790404969618,3.3600499629974365,-1.5548815386468335
15,-1.755711451245259,3.6461360454559326,-1.9380182535180557
11,0.6457089707250498,3.824791669845581,0.45446938723277075
10,-1.028628754533316,3.9241998195648193,-1.224838745511557
17,3.6496561413080015,3.7669856548309326,3.461306858566455
14,-3.6832281008822836,3.890023708343506,-3.877729286299459
12,1.0783676039214765,4.001020908355713,0.8783165585036908
18,0.6803446566145533,4.074454307556152,0.4766219412367457
13,8.43063186090546,4.182603597640991,8.221501681023412
16,11.340819479489998,4.168955087661743,11.13237172510691
1,-1.4857998620578816,2.869079828262329,-1.6292538534709982
4,-0.5399056737232161,3.701887845993042,-0.7250000660228682
6,3.4239070551711777,4.10815954208374,3.2184990780669906
0,-1.6433637490257302,4.456490755081177,-1.866188286779789
5,-1.43547850875835,4.700272798538208,-1.6704921486852604
8,-2.78003662987946,4.668118000030518,-3.013442529880986
2,1.1655587497452986,5.00466775894165,0.915325361798216
7,-1.3538413594342384,4.930266618728638,-1.6003546903706702
3,-0.016500747825798644,5.10282301902771,-0.27164189877718414
9,0.07271150799324223,4.935209274291992,-0.17404895572135737
14,6.750868747828499,2.9780526161193848,6.60196611702253
13,0.019525591707292796,3.2045533657073975,-0.1407020765780771
10,-0.9798408142566251,3.287254810333252,-1.1442035547732876
12,-2.273220975220251,3.278891086578369,-2.4371655295491697
15,-4.193919827432926,3.2376198768615723,-4.355800821276005
11,-1.4857998620578816,3.380338668823242,-1.6548167954990438
18,-2.730752516505357,3.2141518592834473,-2.8914601094695294
16,5.846736910090611,3.280498743057251,5.682711972937748
17,-3.45408981293772,3.270726203918457,-3.617626123133643
19,0.07271150799324223,3.3118910789489746,-0.0928830459542065
15,-4.193919827432926,20.07142925262451,-5.197491290064152
1,-3.127191121767709,3.183051586151123,-3.2863437010752654
3,3.361261795264223,3.2203547954559326,3.2002440554914267
6,-0.8310593070687256,3.2007739543914795,-0.9910980047882996
0,-1.4473604445157213,3.323883533477783,-1.6135546211896106
2,-2.70877053825127,3.3616232872009277,-2.8768517026113165
7,-2.143356698920369,3.2582812309265137,-2.3062707604666945
9,-2.7863825584966664,3.264286518096924,-2.9495968844015126
4,-0.2980359114515577,3.402143716812134,-0.4681430972921644
5,-3.982092777171816,3.429785966873169,-4.153582075515475
8,0.2683816649078591,3.3660964965820312,0.1000768400787575
11,3.2738681662899607,2.8807764053344727,3.129829346023237
16,-3.772605712943247,2.852522850036621,-3.9152318554450782
18,-0.2933254458386424,2.8443989753723145,-0.43554539460725816
13,1.7680810682729764,2.9608898162841797,1.6200365774587675
17,1.4265108640272461,2.9020590782165527,1.2814079101164184
10,-2.3706581404572264,3.0857462882995605,-2.5249454548722046
15,-2.6470420514046866,3.034893035888672,-2.79878670319912
12,-3.0748614755600174,3.0708799362182617,-3.2284054723709303
19,-3.2387541738398316,2.834444046020508,-3.380476376140857
14,-0.21572213830215414,3.1469767093658447,-0.3730709737704464
5,-3.982092777171816,21.834360361099243,-5.073810795226779
1,-0.7705645084684397,2.926581859588623,-0.9168936014478709
5,-1.360175291852655,2.8771846294403076,-1.5040345233246704
0,0.9790288557582422,2.969628095626831,0.8305474509769006
2,2.4975246121560604,2.9865822792053223,2.3481954981957944
6,-2.6382588412413166,2.92315411567688,-2.7844165470251605
4,-3.8743998864610147,2.983739137649536,-4.023586843343492
3,0.1989020062116714,3.0255517959594727,0.047624416413697745
8,0.6708975971463771,2.9787344932556152,0.5219608724835963
7,-3.3022903184728873,3.0260446071624756,-3.4535925488310113
9,3.6123791595395995,3.0187628269195557,3.461441018193622
13,5.372113040775605,3.0838136672973633,5.217922357410736
11,-3.6975460280674737,3.2155025005340576,-3.8583211530941766
14,-7.456569719729539,3.163393974304199,-7.614739418444749
12,3.0747268261316827,3.277372121810913,2.910858220041137
15,-0.7427888598224694,3.233971118927002,-0.9044874157688195
18,-0.11258035106298736,3.1726691722869873,-0.27121380967733677
19,4.094912112144544,3.1831626892089844,3.935753977684095
17,-2.7470107547301317,3.2360501289367676,-2.90881326117697
16,-2.6382588412413166,3.2954583168029785,-2.8030317570814653
10,4.399238756503003,3.443140983581543,4.227081707323926
14,-8.010774220071307,21.28808331489563,-9.075178385816088
2,2.443650436935258,2.7238221168518066,2.3074593310926677
3,1.7931440000547174,2.748964548110962,1.6556957726491692
6,0.11338989531775281,2.7459874153137207,-0.02390947544793323
0,1.2045863879326546,2.9808099269866943,1.0555458915833198
7,-0.5010593169672495,2.8467369079589844,-0.6433961623651987
5,-0.06428137550892185,2.8895606994628906,-0.2087594104820664
1,-0.7217237330308118,2.988579750061035,-0.8711527205338636
4,-4.022487765471301,2.9198427200317383,-4.168479901472888
8,-1.6361214171176008,2.8614702224731445,-1.779194928241258
9,-1.6295291952440973,2.8523402214050293,-1.7721462063143487
16,-1.438215827110499,3.0647497177124023,-1.5914533129961193
13,1.6887815697138266,3.2341978549957275,1.5270716769640402
10,2.154365316453449,3.4401931762695312,1.9823556576399726
18,0.5883505011657851,3.2030410766601562,0.42819844733277734
19,-1.7353909736081807,3.2888903617858887,-1.8998354916974751
14,-6.643487598464562,3.4404988288879395,-6.8155125399089584
11,-0.6787783689731862,3.5784401893615723,-0.8577003784412649
12,-2.687926007682078,3.5986149311065674,-2.8678567542374065
17,-0.5010593169672495,3.5105559825897217,-0.6765871160967356
15,-0.043386216281009964,3.6009273529052734,-0.22343258392627366
14,-6.643487598464562,21.402485847473145,-7.713611890838219
0,2.6400944194087996,2.897254228591919,2.4952317079792037
2,8.28802463837667,2.873671054840088,8.144341085634666
1,3.143635636183439,2.933723211288452,2.9969494756190165
7,-0.6030048546162795,2.8192996978759766,-0.7439698395100783
4,-1.8235561581680308,2.9297096729278564,-1.9700416418144238
8,3.5647719845015944,2.8733086585998535,3.4211065515716017
5,0.6423559035285,2.9846746921539307,0.4931221689208035
3,-3.8358514051159194,3.0416688919067383,-3.987934849711256
9,-5.685610916993151,2.954932689666748,-5.833357551476489
6,-0.027633586972794177,3.0840156078338623,-0.1818343673644873
17,-0.36974515807203845,2.908216953277588,-0.5151560057359179
14,6.293602153539746,3.0082881450653076,6.143187746286481
12,14.648307021809627,3.080669403076172,14.494273551655818
10,1.5792131563928975,3.212564468383789,1.4185849329737081
18,3.1912607190843234,3.0229690074920654,3.04011226870972
13,-2.566372196629834,3.16587233543396,-2.7246658134015322
19,-3.266099376934436,3.0783681869506836,-3.4200177862819703
11,1.58804671013508,3.29556941986084,1.423268239142038
15,-1.8988191678583746,3.277216672897339,-2.0626800015032414
16,-0.022453570668969965,3.3675405979156494,-0.19083060056475246
9,-4.978772430692437,21.264235258102417,-6.041984193597558
4,6.260251080090661,2.9163529872894287,6.114433430726189
6,2.0558202724838983,2.9089198112487793,1.9103742819214593
2,-3.925783537760876,3.026310443878174,-4.077099059954785
8,-0.7738023666769199,2.987821102142334,-0.9231934217840366
3,-0.7291054377112755,3.1171278953552246,-0.8849618324790367
5,1.8502047259635972,3.1209230422973633,1.694158573848729
1,-3.666569819780336,3.255143880844116,-3.829327013822542
0,-3.15211764950991,3.3107025623321533,-3.3176527776265177
7,-0.08318804615577531,3.4451193809509277,-0.2554440152033217
9,0.6319300457741285,3.4133219718933105,0.46126394717946295
10,0.599304752658657,3.1890594959259033,0.43985177786236185
11,-2.2132958553718725,3.1131300926208496,-2.3689523600029148
16,-2.7335456133994906,2.9791927337646484,-2.882505250087723
12,-1.6916571665916917,3.2868220806121826,-1.8559982706223008
15,-0.43564632848904533,3.173774480819702,-0.5943350525300304
17,-1.2717421460481289,2.9720945358276367,-1.4203468728395108
13,-0.7291054377112755,3.4498720169067383,-0.9015990385566124
18,-1.5867416303757707,2.9579999446868896,-1.734641627610115
14,3.7455266313136923,3.5182454586029053,3.569614358383547
19,2.8800214326389844,2.963583469390869,2.731842259169441
2,-4.271879199734605,20.272300243377686,-5.285494211903489
4,-0.4141426816457264,2.7434349060058594,-0.5513144269460193
0,3.5945668038182776,2.9322586059570312,3.4479538735204263
6,2.214961350485392,2.872264862060547,2.0713481073823647
5,-0.10478772008161963,2.8961520195007324,-0.24959532105665624
1,-0.5231573628633656,3.018160581588745,-0.6740653919428028
2,3.3309390550031734,3.0155434608459473,3.180161881960876
3,4.093546105017326,3.0737667083740234,3.939857769598625
8,-1.7105996450969627,2.9162020683288574,-1.8564097485134057
7,0.09669793375964844,3.0356802940368652,-0.05508608094219483
9,-1.6850501473197452,3.039411783218384,-1.8370207364806643
14,2.7514538460644586,3.022982358932495,2.600304728117834
12,2.317541115666469,3.148573398590088,2.160112445736965
13,-4.891295520970621,3.2048563957214355,-5.051538340756693
16,0.5009230296016283,3.1219518184661865,0.34482543867831894
17,0.8659642445906811,3.1082189083099365,0.7105532991751843
18,0.7386671778929884,3.1558308601379395,0.5808756348860914
19,-0.11104384984867693,3.165985584259033,-0.2693431290616286
15,-0.44953622285628503,3.337867498397827,-0.6164295977761765
10,4.7149799008271245,3.507235527038574,4.539618124475195
11,-1.3129754128271964,3.5084078311920166,-1.4883958043867973
13,-4.227509520663654,20.943968296051025,-5.274707935466205
4,1.505927112113817,3.053471326828003,1.3532535457724166
0,-1.6969082435275742,3.193045139312744,-1.8565605004932113
2,2.6848288380446172,3.284409999847412,2.520608338052247
3,-2.0942729586897526,3.3434085845947266,-2.261443387919489
7,-7.010874831551201,3.2916336059570312,-7.1754565118490525
9,6.456893853619582,3.273627996444702,6.293212453797347
8,3.5740657940327774,3.3042287826538086,3.408854354900087
6,-1.9006519384641118,3.3742380142211914,-2.069363839175171
5,0.9073185012279447,3.4194352626800537,0.7363467380939419
1,-1.092085318333592,3.5752596855163574,-1.2708483026094097
10,3.9599907003800916,3.2597925662994385,3.7970010720651195
15,1.5317248500312681,3.215348243713379,1.370957437845599
12,-1.523895042243754,3.243407726287842,-1.6860654285581462
19,3.9298197477265107,3.238556385040283,3.7678919284744965
13,1.2866710982087097,3.515988349914551,1.1108716807129821
14,0.021973750446584898,3.494579315185547,-0.15275521531269246
11,3.5465992297080313,3.639127016067505,3.364642878904656
17,-4.358059124464952,3.4147002696990967,-4.528794137949907
18,-1.3076619693735605,3.3695168495178223,-1.4761378118494517
16,-1.398725841492167,3.465029001235962,-1.5719772915539652
7,-5.35160235867286,21.460351705551147,-6.424619943950417
